Title,Price
Apple iPhone 13 Pro Max 512GB Unlocked AT&T T-Mobile Verizon Very Good Condition,$674.95
Apple iPhone 13 Pro Max - 128GB 256GB 512GB - All Colors - Very Good Condition,$626.00 to $848.00
Apple iPhone 13 Pro Max - 128GB 256GB 512GB - All Colors - Good Condition,$524.00 to $817.00
Apple iPhone 13 Pro Max - 128/256/512GB 1TB - Unlocked Verizon - Excellent,$689.99 to $829.99
Apple iPhone 13 Pro - 256GB - Silver (Unlocked) (Read Description) CD1043,$495.00
Apple iPhone 13 Pro Max - 512GB - Graphite (Unlocked) ( READ DESCRIPTION) #34517,$421.00
NEW LISTINGApple iPhone 13 Pro Max - 128GB - Gold (AT&T) for PARTS-READ- FMI OFF,$99.00
Apple iPhone 13 Pro Max - 128/256/512GB 1TB - Unlocked Verizon - Good Condition,$639.99 to $779.99
Apple iPhone 13 Pro Max -128GB- Graphite (AT&T) (Only Good For Parts) Read Desc,$260.00
NEW LISTINGApple iPhone 13 Pro Max - 256GB - Graphite (Unlocked) A2484 (CDMA + GSM) PLS RE,$600.00
Apple iPhone 13 Pro Max All Capacities AT&T Sprint TMobile Unlocked Verizon Fair,$559.99 to $719.99
Apple iPhone 13 Pro Max - 128GB - Alpine Green (Sprint/T-Mobile),$400.00
EXCELLENT Apple iPhone 13 PRO MAX 256GB FACTORY UNLOCKED - All Colors,$819.95
Apple iPhone 13 Pro Max 256gb Unlocked - Very Good,$739.99
Apple iPhone 13 Pro Max - 128/256/512GB 1TB - Unlocked Verizon - Very Good,$604.99 to $799.99
"Apple iPhone 13 Pro Max All Capacities GSM Unlocked, Verizon Unlocked Excellent",$689.99 to $829.99
Apple iPhone 13 Pro Max - 256GB - (unlocked) Brokn Glass Front/Back,$499.00
NEW LISTINGApple iPhone 13 Pro Max - 256GB - Graphite (Unlocked) A2484 - NEW SEALED !!!,$999.99
Apple iPhone 13 Pro Max 128GB Graphite (AT&T) Check ESN - Cracked Front & Back,$344.99
Apple iPhone 13 Pro Max - 128GB - Alpine Green (T-Mobile) Smartphone Clean IMEI,$515.00
Apple iPhone 13 Pro Max - 128GB - GOLD (T-Mobile),$474.95
Apple iPhone 13 Pro Max - 128GB - Graphite!,$605.00
Apple iPhone 13 Pro Max - 512GB - Graphite (Unlocked),$695.00
"Apple iPhone 13 Pro Max All Capacities Unlocked, Verizon Unlocked Very Good",$604.99 to $799.99
NEW LISTINGApple iPhone 13 Pro Max 512GB Black - Unlocked AT&T T-Mobile Verizon GSM 7568413,$730.00
Apple iPhone 13 Pro Max - 128GB - AT&T - Cracked LCD/Back **READ** SH0,$289.00
Apple iPhone 13 Pro Max - 128GB - Graphite (Xfinity) Face ID issue. Read Desc.,$500.00
NEW LISTINGApple iPhone 13 Pro Max 128GB Graphite - Good Condition - Unlocked - (V-07),$699.99
"ðŸŒŸðŸŒŸApple iPhone 13 Pro Max 128GB Green, White and Gray FACTORY UNLOCKEDðŸŒŸðŸŒŸ",$839.99
Apple iPhone 13 Pro Max 256GB Graphite Unlocked Very Good Condition,$634.99
Apple iPhone 13 Pro Max 128GB T-Mobile Green - Excellent,$750.00
iPhone 13 Pro Max - AT&T - 256GB - Gold - Fair,$549.00
Apple iPhone 13 Pro Max 128GB Graphite AT&T - Fair w/ Cracked Back Glass,$399.99
Apple iPhone 13 Pro Max 512GB Graphite Unlocked - Fair Condition,$694.99
Apple iPhone 13 Pro Max 512GB Graphite (Unlocked) PARTS OR REPAIR,$499.99
Apple iPhone 13 PRO MAX 256GB GRAPHITE (FACTORY UNLOCKED) âœ…APPLE WARRANTYâœ…âœ¤O/Bâœ¤,$969.95
iPhone 13 Pro Max 128GB - LCD Cracked - For Parts - Gold AT&T,$350.00
Apple IPhone 13 Pro Max A2484 128GB Verizon Clean IMEI,$819.96
Apple iPhone 13 Pro Max 256GB Graphite Unlocked Excellent Condition,$759.99
Apple iPhone 13 Pro Max 128GB - T-Mobile / Metro - 5G Smartphone - Good !,$609.99
NEW LISTINGApple iPhone 13 Pro Max 256GB Graphite (Unlocked) A2484 (CDMA + GSM) READ!!,$475.00
Apple iPhone 13 Pro Max 256GB Fully Unlocked (Any Carrier!) Graphite + WARRANTY!,$679.99
Apple iPhone 13 Pro Max 1TB Black - Unlocked AT&T T-Mobile Verizon GSM 7566482,$698.00
Apple iPhone 13 Pro Max 256GB Gold - Verizon Smartphone Very Good 7562635,$625.00
Apple iPhone 13 Pro Max Graphite 256GB (MLF63LL/A) Unlocked *CLEAN IMEI*,$799.95
Apple iPhone 13 Pro Max 256gb Gold (AT&T / CRICKET) Smartphone,$589.95
Apple iPhone 13 Pro Max 512GB Unlocked - Very Good,$779.99
Apple iPhone 13 Pro Max 128GB Black - Verizon Smartphone (Unlocked/Paid Off),$649.99
"Apple iPhone 13 Pro Max All Capacities GSM Unlocked, Verizon Unlocked Good",$639.99 to $779.99
Apple iPhone 13 Pro Max 512GB Graphite Unlocked Very Good Condition,$669.99
Apple iPhone 13 Pro Max 512GB Unlocked - Good,$799.99
Apple iPhone 13 Pro Max 512GB Sierra Blue T-Mobile Fair Condition,$599.99
New Open Box Apple iphone 13 PRO MAX Factory Unlocked 512GB A2484 GSM CDMA 1Y W,$919.99
AT&T Apple iPhone 13 Pro Max 128GB 17.0.3 Gold MLEF3LL/A A2484 Bad,$499.99
Apple iPhone 13 Pro Max 256GB Alpine Green Unlocked - Fair Condition,$714.99
Apple iPhone 13 Pro Max 512GB Fully Unlocked Verizon T-Mobile AT&T 5G - Good,$739.97 to $759.97
Apple iPhone 13 Pro Max 256GB Alpine Green AT&T Very Good Condition,$649.99
"Apple iPhone 13 Pro Max 256GB, AT&T Carrier, A+ Condition",$950.00
Apple iPhone 13 Pro Max - 128GB - Gold AT&T - Lcd Mark - Bad Antenna - READ,$429.99
EXCELLENT Apple iPhone 13 PRO MAX 512GB FACTORY UNLOCKED - All Colors,$879.95
Apple iPhone 13 Pro Max 512GB No Face ID Factory Unlocked Very Good Condition,$634.95
Apple iPhone 13 Pro Max A2484 Unlocked 512GB Graphite C,$699.99
Apple iPhone 13 Pro Max 256gb Unlocked - Good,$704.99
Factory Unlocked Apple iPhone 13 Pro Max 512GB Graphite - EXCELLENT,$985.00
Apple iPhone 13 Pro Max - 256GB - Alpine Green (AT&T) or cricket it cracked back,$790.00
iPhone 13 Pro Max Unlocked (CDMA + GSM) 128GB Graphite | Excellent,$689.00
Apple iPhone 13 Pro Max 128GB Verizon Smartphone - Very Good,$699.95
Apple iPhone 13 Pro Max 256GB Fully Unlocked Verizon T-Mobile AT&T (2021) - Used,$699.97
Apple iPhone 13 Pro Max - 128GB - Gold (AT&T)-For Parts,$489.00
Apple iPhone 13 Pro Max 256GB - Graphite (Unlocked) No Carrier Restrictions,$999.99
"Apple iPhone 13 Pro Max, 128GB, Gold, A2489, MLKN3LL/A, T-Mobile, (33489-1)",$766.99
Apple iPhone 13 Pro Max 256GB Verizon Locked Good Condition,$649.95
Apple iPhone 13 Pro Max 128GB T-Mobile Green - Excellent,$750.00
Apple iPhone 13 Pro Max 256GB Gold AT&T Very Good Condition,$649.99
iPhone 13 Pro Max 128GB Graphite - Unlocked - Fair Condition *READ DESCRIPTION*,$579.00
Apple iPhone 13 Pro Max -256GB - All Colours - AT&T Locked - Very Good Condition,$749.99
Apple iPhone 13 Pro Max A2484 Unlocked 512GB Graphite Very Good,$749.99
Apple iPhone 13 Pro Max A2484 Unlocked 512GB Graphite Good,$749.99
Apple iPhone 13 Pro Max 512GB Fully Unlocked Verizon TMobile AT&T 5G - Very Good,$784.97
OPEN BOX Apple iPhone 13 PRO MAX 512GB FACTORY UNLOCKED,$899.95
Apple iPhone 13 Pro Max A2484 256GB Unlocked Great Condition Check IMEI,$932.97
Apple iPhone 13 Pro Max - 256GB - Graphite (Unlocked) A2484 (CDMA + GSM),"$1,549.00"
Apple iPhone 13 Pro Max 128GB AT&T,$599.00
Apple iPhone 13 Pro Max 256gb - Unlocked - Good Condition - Multiple Colors,$889.00
Apple iPhone 13 Pro Max - 256GB - Gold (AT&T)-For Parts,$510.00
Apple iPhone 13 Pro Max - 128GB - Gold- T-Mobile Locked - Very Good,$649.00
Apple iPhone 13 Pro Max 256GB Fully Unlocked Verizon TMobile AT&T 5G - Very Good,$724.97
Apple iPhone 13 Pro Max 256GB Fully Unlocked Verizon T-Mobile AT&T 5G - Good,$699.97
"Apple iPhone 13 Pro Max 256GB Gold, AT&T Carrier, Excellent Condition",$925.00
Apple iPhone 13 Pro Max - Choose Your Unlocked Model - Good Condition,$799.99
iPhone 13 Pro Max - 512GB (Unlocked),$791.99
Apple iPhone 13 Pro Max - 128GB - Silver (Sprint),$700.00
Apple iPhone 13 Pro Max 256GB Verizon Smartphone - Very Good,$749.95
"Apple iPhone 13 Pro Max Fully Unlocked - All Colors - 256GB - 11"" -",$739.00
Apple iPhone 13 Pro Max 1TB Fully Unlocked Verizon T-Mobile AT&T (2021) - Used,$819.97 to $969.97
iPhone 13 Pro Max Unlocked (CDMA + GSM) 256GB Green | Excellent,$726.00
Apple iPhone 13 Pro Max 1TB Fully Unlocked Verizon T-Mobile AT&T 5G - Very Good,$849.97
Apple iPhone 13 PRO MAX 128GB 256GB 1TB (UNLOCKED) âœ…1 YEAR WARRNTYâœ…âš«ðŸ”´ðŸ”µâœ¤SEALEDâœ¤,"$998.95 to $1,098.95"
Apple iPhone 13 Pro Max 1TB Fully Unlocked Verizon T-Mobile AT&T 5G - Good,$819.97 to $969.97
Very Good Used OEM Box iphone 13 PRO MAX Factory Unlocked 512GB A2484 GSM CDMA,$889.99
NEW LISTINGApple iPhone 13 Pro Max 512GB Black - Unlocked AT&T T-Mobile Verizon GSM 7568415,$730.00
Apple iPhone 13 Pro Max 512GB Graphite Unlocked Good Condition,$649.99
NEW LISTINGApple iPhone 13 Pro Max 512GB Black - Unlocked AT&T T-Mobile Verizon GSM 7568411,$730.00
Apple iPhone 13 Pro Max 512GB Black - Unlocked AT&T T-Mobile Verizon GSM 7566838,$690.00
NEW LISTINGApple iPhone 13 Pro Max 512GB Black - Unlocked AT&T T-Mobile Verizon GSM 7568409,$705.00
NEW LISTINGApple iPhone 13 Pro Max 512GB Black - Unlocked AT&T T-Mobile Verizon GSM 7568412,$730.00
NEW LISTINGApple iPhone 13 Pro Max 512GB Black - Unlocked AT&T T-Mobile Verizon GSM 7567506,$730.00
NEW LISTINGApple iPhone 13 Pro Max 512GB Black - Unlocked AT&T T-Mobile Verizon GSM 7568410,$730.00
NEW LISTINGApple iPhone 13 Pro Max 512GB Black - Unlocked AT&T T-Mobile Verizon GSM 7568417,$730.00
NEW LISTINGApple iPhone 13 Pro Max 512GB Black - Unlocked AT&T T-Mobile Verizon GSM 7567501,$705.00
Apple iPhone 13 Pro Max 1TB Black - Unlocked AT&T T-Mobile Verizon GSM 7564689,$713.00
Apple iPhone 13 Pro Max 256GB Black - Unlocked AT&T T-Mobile Verizon GSM 7567436,$715.00
Apple iPhone 13 Pro Max 256GB Black - Unlocked AT&T T-Mobile Verizon GSM 7563847,$690.00
NEW LISTINGApple iPhone 13 Pro Max 128GB Black - Verizon Smartphone Very Good 7557973,$600.00
Apple iPhone 13 Pro Max 256GB Black - Unlocked AT&T T-Mobile Verizon GSM 7567557,$715.00
Apple iPhone 13 Pro Max 1TB Unlocked AT&T T-Mobile Verizon GSM Very Good 7566481,$763.00
Apple iPhone 13 Pro Max 1TB Black - Unlocked AT&T T-Mobile Verizon GSM 7566478,$740.00
Apple iPhone 13 Pro Max 1TB Black - Unlocked AT&T T-Mobile Verizon GSM 7566584,$740.00
Apple iPhone 13 Pro Max 256GB Unlocked AT&T T-Mobile Verizon Very Good 7566418,$745.00
Apple iPhone 13 Pro Max 1TB Black - Unlocked AT&T T-Mobile Verizon GSM 7566582,$740.00
Apple iPhone 13 Pro Max 1TB Black - Unlocked AT&T T-Mobile Verizon GSM 7566719,$740.00
Apple iPhone 13 Pro Max 1TB Black - Unlocked AT&T T-Mobile Verizon GSM 7566477,$740.00
iPhone 13 Pro Max Unlocked (CDMA + GSM) 512GB Graphite | Excellent,$771.00
NEW LISTINGApple iPhone 13 Pro Max 512GB Black - Unlocked AT&T T-Mobile Verizon GSM 7567500,$705.00
Apple iPhone 13 Pro Max 256GB Fully Unlocked Verizon T-Mobile AT&T Bad Face ID,$679.97
NEW LISTINGApple iPhone 13 Pro Max 512GB Black - Unlocked AT&T T-Mobile Verizon GSM 7567507,$730.00
iPhone 13 Pro Max Unlocked (CDMA + GSM) 512GB Graphite | Good,$709.00
Apple iPhone 13 Pro Max 1TB Fully Unlocked Verizon T-Mobile AT&T 5G - Very Good,$849.97
Apple iPhone 13 PRO MAX 128GB 256GB 1TB (UNLOCKED) âœ…1 YEAR WARRNTYâœ…âš«ðŸ”´ðŸ”µâœ¤SEALEDâœ¤,"$998.95 to $1,098.95"
Apple iPhone 13 Pro Max 1TB Fully Unlocked Verizon T-Mobile AT&T 5G - Good,$819.97 to $969.97
Very Good Used OEM Box iphone 13 PRO MAX Factory Unlocked 512GB A2484 GSM CDMA,$889.99
NEW LISTINGApple iPhone 13 Pro Max 512GB Black - Unlocked AT&T T-Mobile Verizon GSM 7568415,$730.00
Apple iPhone 13 Pro Max 512GB Graphite Unlocked Good Condition,$649.99
NEW LISTINGApple iPhone 13 Pro Max 512GB Black - Unlocked AT&T T-Mobile Verizon GSM 7568411,$730.00
Apple iPhone 13 Pro Max 512GB Black - Unlocked AT&T T-Mobile Verizon GSM 7566838,$690.00
NEW LISTINGApple iPhone 13 Pro Max 512GB Black - Unlocked AT&T T-Mobile Verizon GSM 7568409,$705.00
NEW LISTINGApple iPhone 13 Pro Max 512GB Black - Unlocked AT&T T-Mobile Verizon GSM 7568412,$730.00
NEW LISTINGApple iPhone 13 Pro Max 512GB Black - Unlocked AT&T T-Mobile Verizon GSM 7567506,$730.00
NEW LISTINGApple iPhone 13 Pro Max 512GB Black - Unlocked AT&T T-Mobile Verizon GSM 7568410,$730.00
NEW LISTINGApple iPhone 13 Pro Max 512GB Black - Unlocked AT&T T-Mobile Verizon GSM 7568417,$730.00
NEW LISTINGApple iPhone 13 Pro Max 512GB Black - Unlocked AT&T T-Mobile Verizon GSM 7567501,$705.00
Apple iPhone 13 Pro Max 1TB Black - Unlocked AT&T T-Mobile Verizon GSM 7564689,$713.00
Apple iPhone 13 Pro Max 256GB Black - Unlocked AT&T T-Mobile Verizon GSM 7567436,$715.00
Apple iPhone 13 Pro Max 256GB Black - Unlocked AT&T T-Mobile Verizon GSM 7563847,$690.00
NEW LISTINGApple iPhone 13 Pro Max 128GB Black - Verizon Smartphone Very Good 7557973,$600.00
Apple iPhone 13 Pro Max 256GB Black - Unlocked AT&T T-Mobile Verizon GSM 7567557,$715.00
Apple iPhone 13 Pro Max 1TB Unlocked AT&T T-Mobile Verizon GSM Very Good 7566481,$763.00
Apple iPhone 13 Pro Max 1TB Black - Unlocked AT&T T-Mobile Verizon GSM 7566478,$740.00
Apple iPhone 13 Pro Max 1TB Black - Unlocked AT&T T-Mobile Verizon GSM 7566584,$740.00
Apple iPhone 13 Pro Max 256GB Unlocked AT&T T-Mobile Verizon Very Good 7566418,$745.00
Apple iPhone 13 Pro Max 1TB Black - Unlocked AT&T T-Mobile Verizon GSM 7566582,$740.00
Apple iPhone 13 Pro Max 1TB Black - Unlocked AT&T T-Mobile Verizon GSM 7566719,$740.00
Apple iPhone 13 Pro Max 1TB Black - Unlocked AT&T T-Mobile Verizon GSM 7566477,$740.00
iPhone 13 Pro Max Unlocked (CDMA + GSM) 512GB Graphite | Excellent,$771.00
NEW LISTINGApple iPhone 13 Pro Max 512GB Black - Unlocked AT&T T-Mobile Verizon GSM 7567500,$705.00
Apple iPhone 13 Pro Max 256GB Fully Unlocked Verizon T-Mobile AT&T Bad Face ID,$679.97
NEW LISTINGApple iPhone 13 Pro Max 512GB Black - Unlocked AT&T T-Mobile Verizon GSM 7567507,$730.00
iPhone 13 Pro Max Unlocked (CDMA + GSM) 512GB Graphite | Good,$709.00
Apple iPhone 13 Pro Max 1TB Fully Unlocked Verizon T-Mobile AT&T 5G - Very Good,$849.97
Apple iPhone 13 PRO MAX 128GB 256GB 1TB (UNLOCKED) âœ…1 YEAR WARRNTYâœ…âš«ðŸ”´ðŸ”µâœ¤SEALEDâœ¤,"$998.95 to $1,098.95"
Apple iPhone 13 Pro Max 1TB Fully Unlocked Verizon T-Mobile AT&T 5G - Good,$819.97 to $969.97
Very Good Used OEM Box iphone 13 PRO MAX Factory Unlocked 512GB A2484 GSM CDMA,$889.99
NEW LISTINGApple iPhone 13 Pro Max 512GB Black - Unlocked AT&T T-Mobile Verizon GSM 7568415,$730.00
Apple iPhone 13 Pro Max 512GB Graphite Unlocked Good Condition,$649.99
NEW LISTINGApple iPhone 13 Pro Max 512GB Black - Unlocked AT&T T-Mobile Verizon GSM 7568411,$730.00
Apple iPhone 13 Pro Max 512GB Black - Unlocked AT&T T-Mobile Verizon GSM 7566838,$690.00
NEW LISTINGApple iPhone 13 Pro Max 512GB Black - Unlocked AT&T T-Mobile Verizon GSM 7568409,$705.00
NEW LISTINGApple iPhone 13 Pro Max 512GB Black - Unlocked AT&T T-Mobile Verizon GSM 7568412,$730.00
NEW LISTINGApple iPhone 13 Pro Max 512GB Black - Unlocked AT&T T-Mobile Verizon GSM 7567506,$730.00
NEW LISTINGApple iPhone 13 Pro Max 512GB Black - Unlocked AT&T T-Mobile Verizon GSM 7568410,$730.00
NEW LISTINGApple iPhone 13 Pro Max 512GB Black - Unlocked AT&T T-Mobile Verizon GSM 7568417,$730.00
NEW LISTINGApple iPhone 13 Pro Max 512GB Black - Unlocked AT&T T-Mobile Verizon GSM 7567501,$705.00
Apple iPhone 13 Pro Max 1TB Black - Unlocked AT&T T-Mobile Verizon GSM 7564689,$713.00
Apple iPhone 13 Pro Max 256GB Black - Unlocked AT&T T-Mobile Verizon GSM 7567436,$715.00
Apple iPhone 13 Pro Max 256GB Black - Unlocked AT&T T-Mobile Verizon GSM 7563847,$690.00
NEW LISTINGApple iPhone 13 Pro Max 128GB Black - Verizon Smartphone Very Good 7557973,$600.00
Apple iPhone 13 Pro Max 256GB Black - Unlocked AT&T T-Mobile Verizon GSM 7567557,$715.00
Apple iPhone 13 Pro Max 1TB Unlocked AT&T T-Mobile Verizon GSM Very Good 7566481,$763.00
Apple iPhone 13 Pro Max 1TB Black - Unlocked AT&T T-Mobile Verizon GSM 7566478,$740.00
Apple iPhone 13 Pro Max 1TB Black - Unlocked AT&T T-Mobile Verizon GSM 7566584,$740.00
Apple iPhone 13 Pro Max 256GB Unlocked AT&T T-Mobile Verizon Very Good 7566418,$745.00
Apple iPhone 13 Pro Max 1TB Black - Unlocked AT&T T-Mobile Verizon GSM 7566582,$740.00
Apple iPhone 13 Pro Max 1TB Black - Unlocked AT&T T-Mobile Verizon GSM 7566719,$740.00
Apple iPhone 13 Pro Max 1TB Black - Unlocked AT&T T-Mobile Verizon GSM 7566477,$740.00
iPhone 13 Pro Max Unlocked (CDMA + GSM) 512GB Graphite | Excellent,$771.00
NEW LISTINGApple iPhone 13 Pro Max 512GB Black - Unlocked AT&T T-Mobile Verizon GSM 7567500,$705.00
Apple iPhone 13 Pro Max 256GB Fully Unlocked Verizon T-Mobile AT&T Bad Face ID,$679.97
NEW LISTINGApple iPhone 13 Pro Max 512GB Black - Unlocked AT&T T-Mobile Verizon GSM 7567507,$730.00
iPhone 13 Pro Max Unlocked (CDMA + GSM) 512GB Graphite | Good,$709.00
